{
  "id": "25a0426f-ca16-437a-86b3-4ba98069d1fe",
  "prevId": "2bb89173-3029-416c-b628-2b84a97f3e33",
  "version": "7",
  "dialect": "postgresql",
  "tables": {
    "public.users": {
      "name": "users",
      "schema": "",
      "columns": {
        "id": {
          "name": "id",
          "type": "serial",
          "primaryKey": true,
          "notNull": true
        },
        "username": {
          "name": "username",
          "type": "text",
          "primaryKey": false,
          "notNull": true
        },
        "email": {
          "name": "email",
          "type": "text",
          "primaryKey": false,
          "notNull": true
        },
        "password_hash": {
          "name": "password_hash",
          "type": "text",
          "primaryKey": false,
          "notNull": true
        },
        "user_type": {
          "name": "user_type",
          "type": "text",
          "primaryKey": false,
          "notNull": true
        },
        "clinic_id": {
          "name": "clinic_id",
          "type": "integer",
          "primaryKey": false,
          "notNull": false
        },
        "role_id": {
          "name": "role_id",
          "type": "integer",
          "primaryKey": false,
          "notNull": false
        },
        "first_name": {
          "name": "first_name",
          "type": "text",
          "primaryKey": false,
          "notNull": false
        },
        "last_name": {
          "name": "last_name",
          "type": "text",
          "primaryKey": false,
          "notNull": false
        },
        "phone": {
          "name": "phone",
          "type": "text",
          "primaryKey": false,
          "notNull": false
        },
        "status": {
          "name": "status",
          "type": "text",
          "primaryKey": false,
          "notNull": true,
          "default": "'active'"
        },
        "last_login_at": {
          "name": "last_login_at",
          "type": "timestamp",
          "primaryKey": false,
          "notNull": false
        },
        "created_at": {
          "name": "created_at",
          "type": "timestamp",
          "primaryKey": false,
          "notNull": true,
          "default": "now()"
        },
        "updated_at": {
          "name": "updated_at",
          "type": "timestamp",
          "primaryKey": false,
          "notNull": true,
          "default": "now()"
        }
      },
      "indexes": {},
      "foreignKeys": {},
      "compositePrimaryKeys": {},
      "uniqueConstraints": {
        "users_email_unique": {
          "name": "users_email_unique",
          "nullsNotDistinct": false,
          "columns": [
            "email"
          ]
        }
      },
      "policies": {},
      "checkConstraints": {},
      "isRLSEnabled": false
    },
    "public.roles": {
      "name": "roles",
      "schema": "",
      "columns": {
        "id": {
          "name": "id",
          "type": "serial",
          "primaryKey": true,
          "notNull": true
        },
        "name": {
          "name": "name",
          "type": "text",
          "primaryKey": false,
          "notNull": true
        },
        "description": {
          "name": "description",
          "type": "text",
          "primaryKey": false,
          "notNull": false
        },
        "is_practice_role": {
          "name": "is_practice_role",
          "type": "boolean",
          "primaryKey": false,
          "notNull": true,
          "default": false
        },
        "created_at": {
          "name": "created_at",
          "type": "timestamp",
          "primaryKey": false,
          "notNull": true,
          "default": "now()"
        },
        "updated_at": {
          "name": "updated_at",
          "type": "timestamp",
          "primaryKey": false,
          "notNull": true,
          "default": "now()"
        }
      },
      "indexes": {},
      "foreignKeys": {},
      "compositePrimaryKeys": {},
      "uniqueConstraints": {},
      "policies": {},
      "checkConstraints": {},
      "isRLSEnabled": false
    },
    "public.clinic_locations": {
      "name": "clinic_locations",
      "schema": "",
      "columns": {
        "id": {
          "name": "id",
          "type": "serial",
          "primaryKey": true,
          "notNull": true
        },
        "clinic_id": {
          "name": "clinic_id",
          "type": "integer",
          "primaryKey": false,
          "notNull": true
        },
        "name": {
          "name": "name",
          "type": "text",
          "primaryKey": false,
          "notNull": true
        },
        "address": {
          "name": "address",
          "type": "text",
          "primaryKey": false,
          "notNull": true
        },
        "hours": {
          "name": "hours",
          "type": "text",
          "primaryKey": false,
          "notNull": false
        },
        "services": {
          "name": "services",
          "type": "text[]",
          "primaryKey": false,
          "notNull": false,
          "default": "'{}'"
        },
        "providers": {
          "name": "providers",
          "type": "text[]",
          "primaryKey": false,
          "notNull": false,
          "default": "'{}'"
        },
        "created_at": {
          "name": "created_at",
          "type": "timestamp",
          "primaryKey": false,
          "notNull": true,
          "default": "now()"
        }
      },
      "indexes": {},
      "foreignKeys": {
        "clinic_locations_clinic_id_clinics_id_fk": {
          "name": "clinic_locations_clinic_id_clinics_id_fk",
          "tableFrom": "clinic_locations",
          "tableTo": "clinics",
          "columnsFrom": [
            "clinic_id"
          ],
          "columnsTo": [
            "id"
          ],
          "onDelete": "cascade",
          "onUpdate": "no action"
        }
      },
      "compositePrimaryKeys": {},
      "uniqueConstraints": {},
      "policies": {},
      "checkConstraints": {},
      "isRLSEnabled": false
    },
    "public.clinics": {
      "name": "clinics",
      "schema": "",
      "columns": {
        "id": {
          "name": "id",
          "type": "serial",
          "primaryKey": true,
          "notNull": true
        },
        "name": {
          "name": "name",
          "type": "text",
          "primaryKey": false,
          "notNull": true
        },
        "address": {
          "name": "address",
          "type": "text",
          "primaryKey": false,
          "notNull": false
        },
        "phone": {
          "name": "phone",
          "type": "text",
          "primaryKey": false,
          "notNull": false
        },
        "email": {
          "name": "email",
          "type": "text",
          "primaryKey": false,
          "notNull": false
        },
        "type": {
          "name": "type",
          "type": "text",
          "primaryKey": false,
          "notNull": false,
          "default": "'single'"
        },
        "group_npi": {
          "name": "group_npi",
          "type": "text",
          "primaryKey": false,
          "notNull": false
        },
        "tax_id": {
          "name": "tax_id",
          "type": "text",
          "primaryKey": false,
          "notNull": false
        },
        "time_zone": {
          "name": "time_zone",
          "type": "text",
          "primaryKey": false,
          "notNull": false,
          "default": "'America/New_York'"
        },
        "practice_specialties": {
          "name": "practice_specialties",
          "type": "text[]",
          "primaryKey": false,
          "notNull": false,
          "default": "'{}'"
        },
        "practice_logo": {
          "name": "practice_logo",
          "type": "text",
          "primaryKey": false,
          "notNull": false
        },
        "primary_color": {
          "name": "primary_color",
          "type": "text",
          "primaryKey": false,
          "notNull": false,
          "default": "'#0066cc'"
        },
        "enable_sms_notifications": {
          "name": "enable_sms_notifications",
          "type": "boolean",
          "primaryKey": false,
          "notNull": false,
          "default": true
        },
        "enable_voice_calls": {
          "name": "enable_voice_calls",
          "type": "boolean",
          "primaryKey": false,
          "notNull": false,
          "default": false
        },
        "reminder_time_hours": {
          "name": "reminder_time_hours",
          "type": "integer",
          "primaryKey": false,
          "notNull": false,
          "default": 24
        },
        "reminder_time_minutes": {
          "name": "reminder_time_minutes",
          "type": "integer",
          "primaryKey": false,
          "notNull": false,
          "default": 0
        },
        "accepted_insurances": {
          "name": "accepted_insurances",
          "type": "text[]",
          "primaryKey": false,
          "notNull": false,
          "default": "'{}'"
        },
        "enable_online_payments": {
          "name": "enable_online_payments",
          "type": "boolean",
          "primaryKey": false,
          "notNull": false,
          "default": false
        },
        "stripe_public_key": {
          "name": "stripe_public_key",
          "type": "text",
          "primaryKey": false,
          "notNull": false
        },
        "created_at": {
          "name": "created_at",
          "type": "timestamp",
          "primaryKey": false,
          "notNull": true,
          "default": "now()"
        }
      },
      "indexes": {},
      "foreignKeys": {},
      "compositePrimaryKeys": {},
      "uniqueConstraints": {},
      "policies": {},
      "checkConstraints": {},
      "isRLSEnabled": false
    },
    "public.clinic_documents": {
      "name": "clinic_documents",
      "schema": "",
      "columns": {
        "id": {
          "name": "id",
          "type": "uuid",
          "primaryKey": true,
          "notNull": true,
          "default": "gen_random_uuid()"
        },
        "clinic_id": {
          "name": "clinic_id",
          "type": "integer",
          "primaryKey": false,
          "notNull": true
        },
        "title": {
          "name": "title",
          "type": "text",
          "primaryKey": false,
          "notNull": true
        },
        "type": {
          "name": "type",
          "type": "text",
          "primaryKey": false,
          "notNull": true
        },
        "date": {
          "name": "date",
          "type": "date",
          "primaryKey": false,
          "notNull": true
        },
        "description": {
          "name": "description",
          "type": "text",
          "primaryKey": false,
          "notNull": false
        },
        "filepath": {
          "name": "filepath",
          "type": "text",
          "primaryKey": false,
          "notNull": true
        },
        "uploaded_by": {
          "name": "uploaded_by",
          "type": "integer",
          "primaryKey": false,
          "notNull": true
        },
        "created_at": {
          "name": "created_at",
          "type": "timestamp",
          "primaryKey": false,
          "notNull": true,
          "default": "now()"
        },
        "updated_at": {
          "name": "updated_at",
          "type": "timestamp",
          "primaryKey": false,
          "notNull": true,
          "default": "now()"
        }
      },
      "indexes": {},
      "foreignKeys": {
        "clinic_documents_clinic_id_clinics_id_fk": {
          "name": "clinic_documents_clinic_id_clinics_id_fk",
          "tableFrom": "clinic_documents",
          "tableTo": "clinics",
          "columnsFrom": [
            "clinic_id"
          ],
          "columnsTo": [
            "id"
          ],
          "onDelete": "cascade",
          "onUpdate": "no action"
        },
        "clinic_documents_uploaded_by_users_id_fk": {
          "name": "clinic_documents_uploaded_by_users_id_fk",
          "tableFrom": "clinic_documents",
          "tableTo": "users",
          "columnsFrom": [
            "uploaded_by"
          ],
          "columnsTo": [
            "id"
          ],
          "onDelete": "no action",
          "onUpdate": "no action"
        }
      },
      "compositePrimaryKeys": {},
      "uniqueConstraints": {},
      "policies": {},
      "checkConstraints": {},
      "isRLSEnabled": false
    },
    "public.modules": {
      "name": "modules",
      "schema": "",
      "columns": {
        "id": {
          "name": "id",
          "type": "serial",
          "primaryKey": true,
          "notNull": true
        },
        "name": {
          "name": "name",
          "type": "text",
          "primaryKey": false,
          "notNull": true
        },
        "description": {
          "name": "description",
          "type": "text",
          "primaryKey": false,
          "notNull": false
        }
      },
      "indexes": {},
      "foreignKeys": {},
      "compositePrimaryKeys": {},
      "uniqueConstraints": {
        "modules_name_unique": {
          "name": "modules_name_unique",
          "nullsNotDistinct": false,
          "columns": [
            "name"
          ]
        }
      },
      "policies": {},
      "checkConstraints": {},
      "isRLSEnabled": false
    },
    "public.operations": {
      "name": "operations",
      "schema": "",
      "columns": {
        "id": {
          "name": "id",
          "type": "serial",
          "primaryKey": true,
          "notNull": true
        },
        "name": {
          "name": "name",
          "type": "text",
          "primaryKey": false,
          "notNull": true
        },
        "description": {
          "name": "description",
          "type": "text",
          "primaryKey": false,
          "notNull": false
        }
      },
      "indexes": {},
      "foreignKeys": {},
      "compositePrimaryKeys": {},
      "uniqueConstraints": {
        "operations_name_unique": {
          "name": "operations_name_unique",
          "nullsNotDistinct": false,
          "columns": [
            "name"
          ]
        }
      },
      "policies": {},
      "checkConstraints": {},
      "isRLSEnabled": false
    },
    "public.user_roles": {
      "name": "user_roles",
      "schema": "",
      "columns": {
        "id": {
          "name": "id",
          "type": "serial",
          "primaryKey": true,
          "notNull": true
        },
        "user_id": {
          "name": "user_id",
          "type": "integer",
          "primaryKey": false,
          "notNull": true
        },
        "role_id": {
          "name": "role_id",
          "type": "integer",
          "primaryKey": false,
          "notNull": true
        }
      },
      "indexes": {},
      "foreignKeys": {},
      "compositePrimaryKeys": {},
      "uniqueConstraints": {},
      "policies": {},
      "checkConstraints": {},
      "isRLSEnabled": false
    },
    "public.module_operations": {
      "name": "module_operations",
      "schema": "",
      "columns": {
        "id": {
          "name": "id",
          "type": "serial",
          "primaryKey": true,
          "notNull": true
        },
        "module_id": {
          "name": "module_id",
          "type": "integer",
          "primaryKey": false,
          "notNull": true
        },
        "operation_id": {
          "name": "operation_id",
          "type": "integer",
          "primaryKey": false,
          "notNull": true
        }
      },
      "indexes": {},
      "foreignKeys": {},
      "compositePrimaryKeys": {},
      "uniqueConstraints": {},
      "policies": {},
      "checkConstraints": {},
      "isRLSEnabled": false
    },
    "public.role_permissions": {
      "name": "role_permissions",
      "schema": "",
      "columns": {
        "id": {
          "name": "id",
          "type": "serial",
          "primaryKey": true,
          "notNull": true
        },
        "role_id": {
          "name": "role_id",
          "type": "integer",
          "primaryKey": false,
          "notNull": true
        },
        "module_operation_id": {
          "name": "module_operation_id",
          "type": "integer",
          "primaryKey": false,
          "notNull": true
        }
      },
      "indexes": {},
      "foreignKeys": {},
      "compositePrimaryKeys": {},
      "uniqueConstraints": {},
      "policies": {},
      "checkConstraints": {},
      "isRLSEnabled": false
    },
    "public.user_access": {
      "name": "user_access",
      "schema": "",
      "columns": {
        "id": {
          "name": "id",
          "type": "serial",
          "primaryKey": true,
          "notNull": true
        },
        "user_id": {
          "name": "user_id",
          "type": "integer",
          "primaryKey": false,
          "notNull": true
        },
        "module_operation_id": {
          "name": "module_operation_id",
          "type": "integer",
          "primaryKey": false,
          "notNull": true
        },
        "created_at": {
          "name": "created_at",
          "type": "timestamp",
          "primaryKey": false,
          "notNull": true,
          "default": "now()"
        },
        "updated_at": {
          "name": "updated_at",
          "type": "timestamp",
          "primaryKey": false,
          "notNull": true,
          "default": "now()"
        }
      },
      "indexes": {},
      "foreignKeys": {
        "user_access_user_id_users_id_fk": {
          "name": "user_access_user_id_users_id_fk",
          "tableFrom": "user_access",
          "tableTo": "users",
          "columnsFrom": [
            "user_id"
          ],
          "columnsTo": [
            "id"
          ],
          "onDelete": "cascade",
          "onUpdate": "no action"
        },
        "user_access_module_operation_id_module_operations_id_fk": {
          "name": "user_access_module_operation_id_module_operations_id_fk",
          "tableFrom": "user_access",
          "tableTo": "module_operations",
          "columnsFrom": [
            "module_operation_id"
          ],
          "columnsTo": [
            "id"
          ],
          "onDelete": "cascade",
          "onUpdate": "no action"
        }
      },
      "compositePrimaryKeys": {},
      "uniqueConstraints": {
        "user_access_user_id_module_operation_id_unique": {
          "name": "user_access_user_id_module_operation_id_unique",
          "nullsNotDistinct": false,
          "columns": [
            "user_id",
            "module_operation_id"
          ]
        }
      },
      "policies": {},
      "checkConstraints": {},
      "isRLSEnabled": false
    },
    "public.clinic_modules": {
      "name": "clinic_modules",
      "schema": "",
      "columns": {
        "id": {
          "name": "id",
          "type": "serial",
          "primaryKey": true,
          "notNull": true
        },
        "clinic_id": {
          "name": "clinic_id",
          "type": "integer",
          "primaryKey": false,
          "notNull": true
        },
        "module_id": {
          "name": "module_id",
          "type": "integer",
          "primaryKey": false,
          "notNull": true
        },
        "created_at": {
          "name": "created_at",
          "type": "timestamp",
          "primaryKey": false,
          "notNull": true,
          "default": "now()"
        }
      },
      "indexes": {},
      "foreignKeys": {
        "clinic_modules_clinic_id_clinics_id_fk": {
          "name": "clinic_modules_clinic_id_clinics_id_fk",
          "tableFrom": "clinic_modules",
          "tableTo": "clinics",
          "columnsFrom": [
            "clinic_id"
          ],
          "columnsTo": [
            "id"
          ],
          "onDelete": "cascade",
          "onUpdate": "no action"
        },
        "clinic_modules_module_id_modules_id_fk": {
          "name": "clinic_modules_module_id_modules_id_fk",
          "tableFrom": "clinic_modules",
          "tableTo": "modules",
          "columnsFrom": [
            "module_id"
          ],
          "columnsTo": [
            "id"
          ],
          "onDelete": "cascade",
          "onUpdate": "no action"
        }
      },
      "compositePrimaryKeys": {},
      "uniqueConstraints": {},
      "policies": {},
      "checkConstraints": {},
      "isRLSEnabled": false
    },
    "public.doctors": {
      "name": "doctors",
      "schema": "",
      "columns": {
        "id": {
          "name": "id",
          "type": "serial",
          "primaryKey": true,
          "notNull": true
        },
        "user_id": {
          "name": "user_id",
          "type": "integer",
          "primaryKey": false,
          "notNull": true
        },
        "clinic_id": {
          "name": "clinic_id",
          "type": "integer",
          "primaryKey": false,
          "notNull": true
        },
        "specialty": {
          "name": "specialty",
          "type": "text",
          "primaryKey": false,
          "notNull": true
        },
        "license_number": {
          "name": "license_number",
          "type": "text",
          "primaryKey": false,
          "notNull": true
        },
        "status": {
          "name": "status",
          "type": "text",
          "primaryKey": false,
          "notNull": true,
          "default": "'active'"
        },
        "created_at": {
          "name": "created_at",
          "type": "timestamp",
          "primaryKey": false,
          "notNull": false,
          "default": "now()"
        },
        "updated_at": {
          "name": "updated_at",
          "type": "timestamp",
          "primaryKey": false,
          "notNull": false,
          "default": "now()"
        }
      },
      "indexes": {},
      "foreignKeys": {
        "doctors_user_id_users_id_fk": {
          "name": "doctors_user_id_users_id_fk",
          "tableFrom": "doctors",
          "tableTo": "users",
          "columnsFrom": [
            "user_id"
          ],
          "columnsTo": [
            "id"
          ],
          "onDelete": "cascade",
          "onUpdate": "no action"
        },
        "doctors_clinic_id_clinics_id_fk": {
          "name": "doctors_clinic_id_clinics_id_fk",
          "tableFrom": "doctors",
          "tableTo": "clinics",
          "columnsFrom": [
            "clinic_id"
          ],
          "columnsTo": [
            "id"
          ],
          "onDelete": "cascade",
          "onUpdate": "no action"
        }
      },
      "compositePrimaryKeys": {},
      "uniqueConstraints": {},
      "policies": {},
      "checkConstraints": {},
      "isRLSEnabled": false
    },
    "public.doctor_schedules": {
      "name": "doctor_schedules",
      "schema": "",
      "columns": {
        "id": {
          "name": "id",
          "type": "serial",
          "primaryKey": true,
          "notNull": true
        },
        "doctor_id": {
          "name": "doctor_id",
          "type": "integer",
          "primaryKey": false,
          "notNull": true
        },
        "day_of_week": {
          "name": "day_of_week",
          "type": "integer",
          "primaryKey": false,
          "notNull": true
        },
        "start_time": {
          "name": "start_time",
          "type": "time",
          "primaryKey": false,
          "notNull": true
        },
        "end_time": {
          "name": "end_time",
          "type": "time",
          "primaryKey": false,
          "notNull": true
        },
        "is_active": {
          "name": "is_active",
          "type": "boolean",
          "primaryKey": false,
          "notNull": false,
          "default": true
        },
        "break_start_time": {
          "name": "break_start_time",
          "type": "time",
          "primaryKey": false,
          "notNull": false
        },
        "break_end_time": {
          "name": "break_end_time",
          "type": "time",
          "primaryKey": false,
          "notNull": false
        },
        "notes": {
          "name": "notes",
          "type": "text",
          "primaryKey": false,
          "notNull": false
        },
        "created_at": {
          "name": "created_at",
          "type": "timestamp",
          "primaryKey": false,
          "notNull": false,
          "default": "now()"
        },
        "updated_at": {
          "name": "updated_at",
          "type": "timestamp",
          "primaryKey": false,
          "notNull": false,
          "default": "now()"
        }
      },
      "indexes": {},
      "foreignKeys": {
        "doctor_schedules_doctor_id_doctors_id_fk": {
          "name": "doctor_schedules_doctor_id_doctors_id_fk",
          "tableFrom": "doctor_schedules",
          "tableTo": "doctors",
          "columnsFrom": [
            "doctor_id"
          ],
          "columnsTo": [
            "id"
          ],
          "onDelete": "cascade",
          "onUpdate": "no action"
        }
      },
      "compositePrimaryKeys": {},
      "uniqueConstraints": {},
      "policies": {},
      "checkConstraints": {},
      "isRLSEnabled": false
    },
    "public.doctor_time_off": {
      "name": "doctor_time_off",
      "schema": "",
      "columns": {
        "id": {
          "name": "id",
          "type": "serial",
          "primaryKey": true,
          "notNull": true
        },
        "doctor_id": {
          "name": "doctor_id",
          "type": "integer",
          "primaryKey": false,
          "notNull": true
        },
        "start_date": {
          "name": "start_date",
          "type": "timestamp",
          "primaryKey": false,
          "notNull": true
        },
        "end_date": {
          "name": "end_date",
          "type": "timestamp",
          "primaryKey": false,
          "notNull": true
        },
        "reason": {
          "name": "reason",
          "type": "varchar(255)",
          "primaryKey": false,
          "notNull": false
        },
        "is_approved": {
          "name": "is_approved",
          "type": "boolean",
          "primaryKey": false,
          "notNull": false,
          "default": false
        },
        "notes": {
          "name": "notes",
          "type": "text",
          "primaryKey": false,
          "notNull": false
        },
        "created_at": {
          "name": "created_at",
          "type": "timestamp",
          "primaryKey": false,
          "notNull": false,
          "default": "now()"
        },
        "updated_at": {
          "name": "updated_at",
          "type": "timestamp",
          "primaryKey": false,
          "notNull": false,
          "default": "now()"
        }
      },
      "indexes": {},
      "foreignKeys": {
        "doctor_time_off_doctor_id_doctors_id_fk": {
          "name": "doctor_time_off_doctor_id_doctors_id_fk",
          "tableFrom": "doctor_time_off",
          "tableTo": "doctors",
          "columnsFrom": [
            "doctor_id"
          ],
          "columnsTo": [
            "id"
          ],
          "onDelete": "cascade",
          "onUpdate": "no action"
        }
      },
      "compositePrimaryKeys": {},
      "uniqueConstraints": {},
      "policies": {},
      "checkConstraints": {},
      "isRLSEnabled": false
    },
    "public.patients": {
      "name": "patients",
      "schema": "",
      "columns": {
        "id": {
          "name": "id",
          "type": "serial",
          "primaryKey": true,
          "notNull": true
        },
        "user_id": {
          "name": "user_id",
          "type": "integer",
          "primaryKey": false,
          "notNull": true
        },
        "clinic_id": {
          "name": "clinic_id",
          "type": "integer",
          "primaryKey": false,
          "notNull": false
        },
        "medical_record_number": {
          "name": "medical_record_number",
          "type": "text",
          "primaryKey": false,
          "notNull": true
        },
        "emr_number": {
          "name": "emr_number",
          "type": "text",
          "primaryKey": false,
          "notNull": true
        },
        "status": {
          "name": "status",
          "type": "text",
          "primaryKey": false,
          "notNull": true,
          "default": "'active'"
        },
        "date_of_birth": {
          "name": "date_of_birth",
          "type": "date",
          "primaryKey": false,
          "notNull": false
        },
        "mobile_phone": {
          "name": "mobile_phone",
          "type": "text",
          "primaryKey": false,
          "notNull": false
        },
        "home_phone": {
          "name": "home_phone",
          "type": "text",
          "primaryKey": false,
          "notNull": false
        },
        "gender": {
          "name": "gender",
          "type": "text",
          "primaryKey": false,
          "notNull": false
        },
        "social_security_number": {
          "name": "social_security_number",
          "type": "text",
          "primaryKey": false,
          "notNull": false
        },
        "ethnicity": {
          "name": "ethnicity",
          "type": "text",
          "primaryKey": false,
          "notNull": false
        },
        "race": {
          "name": "race",
          "type": "text",
          "primaryKey": false,
          "notNull": false
        },
        "preferred_language": {
          "name": "preferred_language",
          "type": "text",
          "primaryKey": false,
          "notNull": false,
          "default": "'English'"
        },
        "street_address": {
          "name": "street_address",
          "type": "text",
          "primaryKey": false,
          "notNull": false
        },
        "city": {
          "name": "city",
          "type": "text",
          "primaryKey": false,
          "notNull": false
        },
        "state": {
          "name": "state",
          "type": "text",
          "primaryKey": false,
          "notNull": false
        },
        "zip_code": {
          "name": "zip_code",
          "type": "text",
          "primaryKey": false,
          "notNull": false
        },
        "created_at": {
          "name": "created_at",
          "type": "timestamp",
          "primaryKey": false,
          "notNull": true,
          "default": "now()"
        },
        "updated_at": {
          "name": "updated_at",
          "type": "timestamp",
          "primaryKey": false,
          "notNull": true,
          "default": "now()"
        }
      },
      "indexes": {},
      "foreignKeys": {
        "patients_user_id_users_id_fk": {
          "name": "patients_user_id_users_id_fk",
          "tableFrom": "patients",
          "tableTo": "users",
          "columnsFrom": [
            "user_id"
          ],
          "columnsTo": [
            "id"
          ],
          "onDelete": "no action",
          "onUpdate": "no action"
        },
        "patients_clinic_id_clinics_id_fk": {
          "name": "patients_clinic_id_clinics_id_fk",
          "tableFrom": "patients",
          "tableTo": "clinics",
          "columnsFrom": [
            "clinic_id"
          ],
          "columnsTo": [
            "id"
          ],
          "onDelete": "no action",
          "onUpdate": "no action"
        }
      },
      "compositePrimaryKeys": {},
      "uniqueConstraints": {
        "patients_medical_record_number_unique": {
          "name": "patients_medical_record_number_unique",
          "nullsNotDistinct": false,
          "columns": [
            "medical_record_number"
          ]
        },
        "patients_emr_number_unique": {
          "name": "patients_emr_number_unique",
          "nullsNotDistinct": false,
          "columns": [
            "emr_number"
          ]
        }
      },
      "policies": {},
      "checkConstraints": {},
      "isRLSEnabled": false
    },
    "public.patient_vitals": {
      "name": "patient_vitals",
      "schema": "",
      "columns": {
        "id": {
          "name": "id",
          "type": "serial",
          "primaryKey": true,
          "notNull": true
        },
        "patient_id": {
          "name": "patient_id",
          "type": "integer",
          "primaryKey": false,
          "notNull": true
        },
        "date": {
          "name": "date",
          "type": "text",
          "primaryKey": false,
          "notNull": false
        },
        "height": {
          "name": "height",
          "type": "numeric(5, 2)",
          "primaryKey": false,
          "notNull": false
        },
        "weight": {
          "name": "weight",
          "type": "numeric(5, 2)",
          "primaryKey": false,
          "notNull": false
        },
        "bmi": {
          "name": "bmi",
          "type": "numeric(4, 2)",
          "primaryKey": false,
          "notNull": false
        },
        "bp_systolic": {
          "name": "bp_systolic",
          "type": "integer",
          "primaryKey": false,
          "notNull": false
        },
        "bp_diastolic": {
          "name": "bp_diastolic",
          "type": "integer",
          "primaryKey": false,
          "notNull": false
        },
        "pulse": {
          "name": "pulse",
          "type": "integer",
          "primaryKey": false,
          "notNull": false
        },
        "temperature": {
          "name": "temperature",
          "type": "numeric(4, 1)",
          "primaryKey": false,
          "notNull": false
        },
        "spo2": {
          "name": "spo2",
          "type": "integer",
          "primaryKey": false,
          "notNull": false
        },
        "respiratory_rate": {
          "name": "respiratory_rate",
          "type": "integer",
          "primaryKey": false,
          "notNull": false
        },
        "pain_scale": {
          "name": "pain_scale",
          "type": "integer",
          "primaryKey": false,
          "notNull": false
        },
        "created_at": {
          "name": "created_at",
          "type": "timestamp",
          "primaryKey": false,
          "notNull": true,
          "default": "now()"
        },
        "updated_at": {
          "name": "updated_at",
          "type": "timestamp",
          "primaryKey": false,
          "notNull": true,
          "default": "now()"
        }
      },
      "indexes": {},
      "foreignKeys": {
        "patient_vitals_patient_id_patients_id_fk": {
          "name": "patient_vitals_patient_id_patients_id_fk",
          "tableFrom": "patient_vitals",
          "tableTo": "patients",
          "columnsFrom": [
            "patient_id"
          ],
          "columnsTo": [
            "id"
          ],
          "onDelete": "no action",
          "onUpdate": "no action"
        }
      },
      "compositePrimaryKeys": {},
      "uniqueConstraints": {},
      "policies": {},
      "checkConstraints": {},
      "isRLSEnabled": false
    },
    "public.patient_medical_history": {
      "name": "patient_medical_history",
      "schema": "",
      "columns": {
        "id": {
          "name": "id",
          "type": "serial",
          "primaryKey": true,
          "notNull": true
        },
        "patient_id": {
          "name": "patient_id",
          "type": "integer",
          "primaryKey": false,
          "notNull": true
        },
        "date": {
          "name": "date",
          "type": "timestamp",
          "primaryKey": false,
          "notNull": true,
          "default": "now()"
        },
        "hypertension": {
          "name": "hypertension",
          "type": "boolean",
          "primaryKey": false,
          "notNull": false,
          "default": false
        },
        "diabetes": {
          "name": "diabetes",
          "type": "boolean",
          "primaryKey": false,
          "notNull": false,
          "default": false
        },
        "copd": {
          "name": "copd",
          "type": "boolean",
          "primaryKey": false,
          "notNull": false,
          "default": false
        },
        "asthma": {
          "name": "asthma",
          "type": "boolean",
          "primaryKey": false,
          "notNull": false,
          "default": false
        },
        "cad": {
          "name": "cad",
          "type": "boolean",
          "primaryKey": false,
          "notNull": false,
          "default": false
        },
        "chf": {
          "name": "chf",
          "type": "boolean",
          "primaryKey": false,
          "notNull": false,
          "default": false
        },
        "mi": {
          "name": "mi",
          "type": "boolean",
          "primaryKey": false,
          "notNull": false,
          "default": false
        },
        "stroke": {
          "name": "stroke",
          "type": "boolean",
          "primaryKey": false,
          "notNull": false,
          "default": false
        },
        "other_conditions": {
          "name": "other_conditions",
          "type": "text",
          "primaryKey": false,
          "notNull": false
        },
        "notes": {
          "name": "notes",
          "type": "text",
          "primaryKey": false,
          "notNull": false
        },
        "created_at": {
          "name": "created_at",
          "type": "timestamp",
          "primaryKey": false,
          "notNull": true,
          "default": "now()"
        },
        "updated_at": {
          "name": "updated_at",
          "type": "timestamp",
          "primaryKey": false,
          "notNull": true,
          "default": "now()"
        }
      },
      "indexes": {},
      "foreignKeys": {
        "patient_medical_history_patient_id_patients_id_fk": {
          "name": "patient_medical_history_patient_id_patients_id_fk",
          "tableFrom": "patient_medical_history",
          "tableTo": "patients",
          "columnsFrom": [
            "patient_id"
          ],
          "columnsTo": [
            "id"
          ],
          "onDelete": "no action",
          "onUpdate": "no action"
        }
      },
      "compositePrimaryKeys": {},
      "uniqueConstraints": {},
      "policies": {},
      "checkConstraints": {},
      "isRLSEnabled": false
    },
    "public.patient_surgical_history": {
      "name": "patient_surgical_history",
      "schema": "",
      "columns": {
        "id": {
          "name": "id",
          "type": "serial",
          "primaryKey": true,
          "notNull": true
        },
        "patient_id": {
          "name": "patient_id",
          "type": "integer",
          "primaryKey": false,
          "notNull": true
        },
        "date": {
          "name": "date",
          "type": "timestamp",
          "primaryKey": false,
          "notNull": true,
          "default": "now()"
        },
        "surgery_date": {
          "name": "surgery_date",
          "type": "date",
          "primaryKey": false,
          "notNull": false
        },
        "procedure": {
          "name": "procedure",
          "type": "text",
          "primaryKey": false,
          "notNull": true
        },
        "notes": {
          "name": "notes",
          "type": "text",
          "primaryKey": false,
          "notNull": false
        },
        "created_at": {
          "name": "created_at",
          "type": "timestamp",
          "primaryKey": false,
          "notNull": true,
          "default": "now()"
        },
        "updated_at": {
          "name": "updated_at",
          "type": "timestamp",
          "primaryKey": false,
          "notNull": true,
          "default": "now()"
        }
      },
      "indexes": {},
      "foreignKeys": {
        "patient_surgical_history_patient_id_patients_id_fk": {
          "name": "patient_surgical_history_patient_id_patients_id_fk",
          "tableFrom": "patient_surgical_history",
          "tableTo": "patients",
          "columnsFrom": [
            "patient_id"
          ],
          "columnsTo": [
            "id"
          ],
          "onDelete": "no action",
          "onUpdate": "no action"
        }
      },
      "compositePrimaryKeys": {},
      "uniqueConstraints": {},
      "policies": {},
      "checkConstraints": {},
      "isRLSEnabled": false
    },
    "public.patient_medications": {
      "name": "patient_medications",
      "schema": "",
      "columns": {
        "id": {
          "name": "id",
          "type": "serial",
          "primaryKey": true,
          "notNull": true
        },
        "patient_id": {
          "name": "patient_id",
          "type": "integer",
          "primaryKey": false,
          "notNull": true
        },
        "date": {
          "name": "date",
          "type": "timestamp",
          "primaryKey": false,
          "notNull": true,
          "default": "now()"
        },
        "medication": {
          "name": "medication",
          "type": "text",
          "primaryKey": false,
          "notNull": true
        },
        "dose": {
          "name": "dose",
          "type": "text",
          "primaryKey": false,
          "notNull": false
        },
        "status": {
          "name": "status",
          "type": "text",
          "primaryKey": false,
          "notNull": false,
          "default": "'Active'"
        },
        "route": {
          "name": "route",
          "type": "text",
          "primaryKey": false,
          "notNull": false
        },
        "frequency": {
          "name": "frequency",
          "type": "text",
          "primaryKey": false,
          "notNull": false
        },
        "start_date": {
          "name": "start_date",
          "type": "date",
          "primaryKey": false,
          "notNull": false
        },
        "prescriber": {
          "name": "prescriber",
          "type": "text",
          "primaryKey": false,
          "notNull": false
        },
        "notes": {
          "name": "notes",
          "type": "text",
          "primaryKey": false,
          "notNull": false
        },
        "created_at": {
          "name": "created_at",
          "type": "timestamp",
          "primaryKey": false,
          "notNull": true,
          "default": "now()"
        },
        "updated_at": {
          "name": "updated_at",
          "type": "timestamp",
          "primaryKey": false,
          "notNull": true,
          "default": "now()"
        }
      },
      "indexes": {},
      "foreignKeys": {
        "patient_medications_patient_id_patients_id_fk": {
          "name": "patient_medications_patient_id_patients_id_fk",
          "tableFrom": "patient_medications",
          "tableTo": "patients",
          "columnsFrom": [
            "patient_id"
          ],
          "columnsTo": [
            "id"
          ],
          "onDelete": "no action",
          "onUpdate": "no action"
        }
      },
      "compositePrimaryKeys": {},
      "uniqueConstraints": {},
      "policies": {},
      "checkConstraints": {},
      "isRLSEnabled": false
    },
    "public.patient_diagnostics": {
      "name": "patient_diagnostics",
      "schema": "",
      "columns": {
        "id": {
          "name": "id",
          "type": "serial",
          "primaryKey": true,
          "notNull": true
        },
        "patient_id": {
          "name": "patient_id",
          "type": "integer",
          "primaryKey": false,
          "notNull": true
        },
        "date": {
          "name": "date",
          "type": "timestamp",
          "primaryKey": false,
          "notNull": true,
          "default": "now()"
        },
        "type": {
          "name": "type",
          "type": "text",
          "primaryKey": false,
          "notNull": true
        },
        "test": {
          "name": "test",
          "type": "text",
          "primaryKey": false,
          "notNull": false
        },
        "result": {
          "name": "result",
          "type": "text",
          "primaryKey": false,
          "notNull": false
        },
        "reference_range": {
          "name": "reference_range",
          "type": "text",
          "primaryKey": false,
          "notNull": false
        },
        "units": {
          "name": "units",
          "type": "text",
          "primaryKey": false,
          "notNull": false
        },
        "flag": {
          "name": "flag",
          "type": "text",
          "primaryKey": false,
          "notNull": false
        },
        "imaging_type": {
          "name": "imaging_type",
          "type": "text",
          "primaryKey": false,
          "notNull": false
        },
        "body_part": {
          "name": "body_part",
          "type": "text",
          "primaryKey": false,
          "notNull": false
        },
        "findings": {
          "name": "findings",
          "type": "text",
          "primaryKey": false,
          "notNull": false
        },
        "radiologist": {
          "name": "radiologist",
          "type": "text",
          "primaryKey": false,
          "notNull": false
        },
        "trend": {
          "name": "trend",
          "type": "text",
          "primaryKey": false,
          "notNull": false
        },
        "order_date": {
          "name": "order_date",
          "type": "date",
          "primaryKey": false,
          "notNull": false
        },
        "result_date": {
          "name": "result_date",
          "type": "date",
          "primaryKey": false,
          "notNull": false
        },
        "ordering_provider": {
          "name": "ordering_provider",
          "type": "text",
          "primaryKey": false,
          "notNull": false
        },
        "notes": {
          "name": "notes",
          "type": "text",
          "primaryKey": false,
          "notNull": false
        },
        "created_at": {
          "name": "created_at",
          "type": "timestamp",
          "primaryKey": false,
          "notNull": true,
          "default": "now()"
        },
        "updated_at": {
          "name": "updated_at",
          "type": "timestamp",
          "primaryKey": false,
          "notNull": true,
          "default": "now()"
        }
      },
      "indexes": {},
      "foreignKeys": {
        "patient_diagnostics_patient_id_patients_id_fk": {
          "name": "patient_diagnostics_patient_id_patients_id_fk",
          "tableFrom": "patient_diagnostics",
          "tableTo": "patients",
          "columnsFrom": [
            "patient_id"
          ],
          "columnsTo": [
            "id"
          ],
          "onDelete": "no action",
          "onUpdate": "no action"
        }
      },
      "compositePrimaryKeys": {},
      "uniqueConstraints": {},
      "policies": {},
      "checkConstraints": {},
      "isRLSEnabled": false
    },
    "public.patient_insurance": {
      "name": "patient_insurance",
      "schema": "",
      "columns": {
        "id": {
          "name": "id",
          "type": "serial",
          "primaryKey": true,
          "notNull": true
        },
        "patient_id": {
          "name": "patient_id",
          "type": "integer",
          "primaryKey": false,
          "notNull": true
        },
        "date": {
          "name": "date",
          "type": "timestamp",
          "primaryKey": false,
          "notNull": true,
          "default": "now()"
        },
        "insurance_type": {
          "name": "insurance_type",
          "type": "text",
          "primaryKey": false,
          "notNull": true
        },
        "insurance_company_name": {
          "name": "insurance_company_name",
          "type": "text",
          "primaryKey": false,
          "notNull": true
        },
        "insurance_plan_name": {
          "name": "insurance_plan_name",
          "type": "text",
          "primaryKey": false,
          "notNull": false
        },
        "insurance_phone_number": {
          "name": "insurance_phone_number",
          "type": "text",
          "primaryKey": false,
          "notNull": false
        },
        "insurance_address": {
          "name": "insurance_address",
          "type": "text",
          "primaryKey": false,
          "notNull": false
        },
        "payer_id": {
          "name": "payer_id",
          "type": "text",
          "primaryKey": false,
          "notNull": false
        },
        "member_id": {
          "name": "member_id",
          "type": "text",
          "primaryKey": false,
          "notNull": false
        },
        "group_number": {
          "name": "group_number",
          "type": "text",
          "primaryKey": false,
          "notNull": false
        },
        "plan_effective_date": {
          "name": "plan_effective_date",
          "type": "date",
          "primaryKey": false,
          "notNull": false
        },
        "plan_expiry_date": {
          "name": "plan_expiry_date",
          "type": "date",
          "primaryKey": false,
          "notNull": false
        },
        "relationship_to_insured": {
          "name": "relationship_to_insured",
          "type": "text",
          "primaryKey": false,
          "notNull": false,
          "default": "'Self'"
        },
        "insured_person_full_name": {
          "name": "insured_person_full_name",
          "type": "text",
          "primaryKey": false,
          "notNull": false
        },
        "insured_person_date_of_birth": {
          "name": "insured_person_date_of_birth",
          "type": "date",
          "primaryKey": false,
          "notNull": false
        },
        "insured_person_gender": {
          "name": "insured_person_gender",
          "type": "text",
          "primaryKey": false,
          "notNull": false
        },
        "insured_person_employer": {
          "name": "insured_person_employer",
          "type": "text",
          "primaryKey": false,
          "notNull": false
        },
        "insurance_card_front": {
          "name": "insurance_card_front",
          "type": "text",
          "primaryKey": false,
          "notNull": false
        },
        "insurance_card_back": {
          "name": "insurance_card_back",
          "type": "text",
          "primaryKey": false,
          "notNull": false
        },
        "id_driver_license": {
          "name": "id_driver_license",
          "type": "text",
          "primaryKey": false,
          "notNull": false
        },
        "is_active": {
          "name": "is_active",
          "type": "boolean",
          "primaryKey": false,
          "notNull": false,
          "default": true
        },
        "notes": {
          "name": "notes",
          "type": "text",
          "primaryKey": false,
          "notNull": false
        },
        "created_at": {
          "name": "created_at",
          "type": "timestamp",
          "primaryKey": false,
          "notNull": true,
          "default": "now()"
        },
        "updated_at": {
          "name": "updated_at",
          "type": "timestamp",
          "primaryKey": false,
          "notNull": true,
          "default": "now()"
        }
      },
      "indexes": {},
      "foreignKeys": {
        "patient_insurance_patient_id_patients_id_fk": {
          "name": "patient_insurance_patient_id_patients_id_fk",
          "tableFrom": "patient_insurance",
          "tableTo": "patients",
          "columnsFrom": [
            "patient_id"
          ],
          "columnsTo": [
            "id"
          ],
          "onDelete": "no action",
          "onUpdate": "no action"
        }
      },
      "compositePrimaryKeys": {},
      "uniqueConstraints": {},
      "policies": {},
      "checkConstraints": {},
      "isRLSEnabled": false
    },
    "public.patient_clinic_notes": {
      "name": "patient_clinic_notes",
      "schema": "",
      "columns": {
        "id": {
          "name": "id",
          "type": "serial",
          "primaryKey": true,
          "notNull": true
        },
        "patient_id": {
          "name": "patient_id",
          "type": "integer",
          "primaryKey": false,
          "notNull": true
        },
        "note_date": {
          "name": "note_date",
          "type": "date",
          "primaryKey": false,
          "notNull": true
        },
        "note_type": {
          "name": "note_type",
          "type": "text",
          "primaryKey": false,
          "notNull": true
        },
        "note_title": {
          "name": "note_title",
          "type": "text",
          "primaryKey": false,
          "notNull": true
        },
        "clinic_note": {
          "name": "clinic_note",
          "type": "text",
          "primaryKey": false,
          "notNull": true
        },
        "created_at": {
          "name": "created_at",
          "type": "timestamp",
          "primaryKey": false,
          "notNull": true,
          "default": "now()"
        },
        "updated_at": {
          "name": "updated_at",
          "type": "timestamp",
          "primaryKey": false,
          "notNull": true,
          "default": "now()"
        }
      },
      "indexes": {},
      "foreignKeys": {
        "patient_clinic_notes_patient_id_patients_id_fk": {
          "name": "patient_clinic_notes_patient_id_patients_id_fk",
          "tableFrom": "patient_clinic_notes",
          "tableTo": "patients",
          "columnsFrom": [
            "patient_id"
          ],
          "columnsTo": [
            "id"
          ],
          "onDelete": "no action",
          "onUpdate": "no action"
        }
      },
      "compositePrimaryKeys": {},
      "uniqueConstraints": {},
      "policies": {},
      "checkConstraints": {},
      "isRLSEnabled": false
    },
    "public.schedules": {
      "name": "schedules",
      "schema": "",
      "columns": {
        "id": {
          "name": "id",
          "type": "serial",
          "primaryKey": true,
          "notNull": true
        },
        "clinic_id": {
          "name": "clinic_id",
          "type": "integer",
          "primaryKey": false,
          "notNull": true
        },
        "user_id": {
          "name": "user_id",
          "type": "integer",
          "primaryKey": false,
          "notNull": true
        },
        "user_type": {
          "name": "user_type",
          "type": "text",
          "primaryKey": false,
          "notNull": true
        },
        "weekly_schedule": {
          "name": "weekly_schedule",
          "type": "jsonb",
          "primaryKey": false,
          "notNull": true
        },
        "slot_duration": {
          "name": "slot_duration",
          "type": "integer",
          "primaryKey": false,
          "notNull": false
        },
        "is_active": {
          "name": "is_active",
          "type": "boolean",
          "primaryKey": false,
          "notNull": false,
          "default": true
        },
        "effective_from": {
          "name": "effective_from",
          "type": "date",
          "primaryKey": false,
          "notNull": true
        },
        "effective_to": {
          "name": "effective_to",
          "type": "date",
          "primaryKey": false,
          "notNull": false
        },
        "created_at": {
          "name": "created_at",
          "type": "timestamp",
          "primaryKey": false,
          "notNull": true,
          "default": "now()"
        },
        "updated_at": {
          "name": "updated_at",
          "type": "timestamp",
          "primaryKey": false,
          "notNull": true,
          "default": "now()"
        }
      },
      "indexes": {},
      "foreignKeys": {
        "schedules_clinic_id_clinics_id_fk": {
          "name": "schedules_clinic_id_clinics_id_fk",
          "tableFrom": "schedules",
          "tableTo": "clinics",
          "columnsFrom": [
            "clinic_id"
          ],
          "columnsTo": [
            "id"
          ],
          "onDelete": "no action",
          "onUpdate": "no action"
        },
        "schedules_user_id_users_id_fk": {
          "name": "schedules_user_id_users_id_fk",
          "tableFrom": "schedules",
          "tableTo": "users",
          "columnsFrom": [
            "user_id"
          ],
          "columnsTo": [
            "id"
          ],
          "onDelete": "no action",
          "onUpdate": "no action"
        }
      },
      "compositePrimaryKeys": {},
      "uniqueConstraints": {},
      "policies": {},
      "checkConstraints": {},
      "isRLSEnabled": false
    },
    "public.password_resets": {
      "name": "password_resets",
      "schema": "",
      "columns": {
        "id": {
          "name": "id",
          "type": "serial",
          "primaryKey": true,
          "notNull": true
        },
        "user_id": {
          "name": "user_id",
          "type": "serial",
          "primaryKey": false,
          "notNull": true
        },
        "token": {
          "name": "token",
          "type": "varchar(255)",
          "primaryKey": false,
          "notNull": true
        },
        "is_used": {
          "name": "is_used",
          "type": "boolean",
          "primaryKey": false,
          "notNull": true,
          "default": false
        },
        "expires_at": {
          "name": "expires_at",
          "type": "timestamp",
          "primaryKey": false,
          "notNull": true
        },
        "created_at": {
          "name": "created_at",
          "type": "timestamp",
          "primaryKey": false,
          "notNull": true,
          "default": "now()"
        }
      },
      "indexes": {},
      "foreignKeys": {
        "password_resets_user_id_users_id_fk": {
          "name": "password_resets_user_id_users_id_fk",
          "tableFrom": "password_resets",
          "tableTo": "users",
          "columnsFrom": [
            "user_id"
          ],
          "columnsTo": [
            "id"
          ],
          "onDelete": "no action",
          "onUpdate": "no action"
        }
      },
      "compositePrimaryKeys": {},
      "uniqueConstraints": {
        "password_resets_token_unique": {
          "name": "password_resets_token_unique",
          "nullsNotDistinct": false,
          "columns": [
            "token"
          ]
        }
      },
      "policies": {},
      "checkConstraints": {},
      "isRLSEnabled": false
    },
    "public.appointments": {
      "name": "appointments",
      "schema": "",
      "columns": {
        "id": {
          "name": "id",
          "type": "serial",
          "primaryKey": true,
          "notNull": true
        },
        "clinic_id": {
          "name": "clinic_id",
          "type": "integer",
          "primaryKey": false,
          "notNull": true
        },
        "patient_id": {
          "name": "patient_id",
          "type": "integer",
          "primaryKey": false,
          "notNull": true
        },
        "doctor_id": {
          "name": "doctor_id",
          "type": "integer",
          "primaryKey": false,
          "notNull": true
        },
        "location_id": {
          "name": "location_id",
          "type": "integer",
          "primaryKey": false,
          "notNull": true
        },
        "appointment_date": {
          "name": "appointment_date",
          "type": "date",
          "primaryKey": false,
          "notNull": true
        },
        "start_time": {
          "name": "start_time",
          "type": "time",
          "primaryKey": false,
          "notNull": true
        },
        "end_time": {
          "name": "end_time",
          "type": "time",
          "primaryKey": false,
          "notNull": true
        },
        "type": {
          "name": "type",
          "type": "varchar(10)",
          "primaryKey": false,
          "notNull": true
        },
        "status": {
          "name": "status",
          "type": "varchar(15)",
          "primaryKey": false,
          "notNull": true
        },
        "notes": {
          "name": "notes",
          "type": "text",
          "primaryKey": false,
          "notNull": false
        },
        "created_by": {
          "name": "created_by",
          "type": "integer",
          "primaryKey": false,
          "notNull": true
        },
        "created_at": {
          "name": "created_at",
          "type": "timestamp",
          "primaryKey": false,
          "notNull": false,
          "default": "now()"
        },
        "updated_at": {
          "name": "updated_at",
          "type": "timestamp",
          "primaryKey": false,
          "notNull": false,
          "default": "now()"
        }
      },
      "indexes": {},
      "foreignKeys": {},
      "compositePrimaryKeys": {},
      "uniqueConstraints": {},
      "policies": {},
      "checkConstraints": {},
      "isRLSEnabled": false
    },
    "public.clinic_staff": {
      "name": "clinic_staff",
      "schema": "",
      "columns": {
        "id": {
          "name": "id",
          "type": "serial",
          "primaryKey": true,
          "notNull": true
        },
        "user_id": {
          "name": "user_id",
          "type": "integer",
          "primaryKey": false,
          "notNull": true
        },
        "clinic_id": {
          "name": "clinic_id",
          "type": "integer",
          "primaryKey": false,
          "notNull": true
        },
        "employee_id": {
          "name": "employee_id",
          "type": "text",
          "primaryKey": false,
          "notNull": false
        },
        "role_id": {
          "name": "role_id",
          "type": "integer",
          "primaryKey": false,
          "notNull": true
        },
        "department": {
          "name": "department",
          "type": "text",
          "primaryKey": false,
          "notNull": true
        },
        "employment_status": {
          "name": "employment_status",
          "type": "text",
          "primaryKey": false,
          "notNull": true,
          "default": "'Full-time'"
        },
        "start_date": {
          "name": "start_date",
          "type": "date",
          "primaryKey": false,
          "notNull": true
        },
        "end_date": {
          "name": "end_date",
          "type": "date",
          "primaryKey": false,
          "notNull": false
        },
        "supervisor_id": {
          "name": "supervisor_id",
          "type": "integer",
          "primaryKey": false,
          "notNull": false
        },
        "salary": {
          "name": "salary",
          "type": "text",
          "primaryKey": false,
          "notNull": false
        },
        "hourly_rate": {
          "name": "hourly_rate",
          "type": "text",
          "primaryKey": false,
          "notNull": false
        },
        "emergency_contact_name": {
          "name": "emergency_contact_name",
          "type": "text",
          "primaryKey": false,
          "notNull": false
        },
        "emergency_contact_phone": {
          "name": "emergency_contact_phone",
          "type": "text",
          "primaryKey": false,
          "notNull": false
        },
        "emergency_contact_relation": {
          "name": "emergency_contact_relation",
          "type": "text",
          "primaryKey": false,
          "notNull": false
        },
        "address": {
          "name": "address",
          "type": "text",
          "primaryKey": false,
          "notNull": false
        },
        "date_of_birth": {
          "name": "date_of_birth",
          "type": "date",
          "primaryKey": false,
          "notNull": false
        },
        "gender": {
          "name": "gender",
          "type": "text",
          "primaryKey": false,
          "notNull": false
        },
        "notes": {
          "name": "notes",
          "type": "text",
          "primaryKey": false,
          "notNull": false
        },
        "status": {
          "name": "status",
          "type": "text",
          "primaryKey": false,
          "notNull": true,
          "default": "'active'"
        },
        "created_at": {
          "name": "created_at",
          "type": "timestamp",
          "primaryKey": false,
          "notNull": true,
          "default": "now()"
        },
        "updated_at": {
          "name": "updated_at",
          "type": "timestamp",
          "primaryKey": false,
          "notNull": true,
          "default": "now()"
        }
      },
      "indexes": {},
      "foreignKeys": {
        "clinic_staff_user_id_users_id_fk": {
          "name": "clinic_staff_user_id_users_id_fk",
          "tableFrom": "clinic_staff",
          "tableTo": "users",
          "columnsFrom": [
            "user_id"
          ],
          "columnsTo": [
            "id"
          ],
          "onDelete": "cascade",
          "onUpdate": "no action"
        },
        "clinic_staff_clinic_id_clinics_id_fk": {
          "name": "clinic_staff_clinic_id_clinics_id_fk",
          "tableFrom": "clinic_staff",
          "tableTo": "clinics",
          "columnsFrom": [
            "clinic_id"
          ],
          "columnsTo": [
            "id"
          ],
          "onDelete": "cascade",
          "onUpdate": "no action"
        },
        "clinic_staff_role_id_roles_id_fk": {
          "name": "clinic_staff_role_id_roles_id_fk",
          "tableFrom": "clinic_staff",
          "tableTo": "roles",
          "columnsFrom": [
            "role_id"
          ],
          "columnsTo": [
            "id"
          ],
          "onDelete": "cascade",
          "onUpdate": "no action"
        },
        "clinic_staff_supervisor_id_clinic_staff_id_fk": {
          "name": "clinic_staff_supervisor_id_clinic_staff_id_fk",
          "tableFrom": "clinic_staff",
          "tableTo": "clinic_staff",
          "columnsFrom": [
            "supervisor_id"
          ],
          "columnsTo": [
            "id"
          ],
          "onDelete": "no action",
          "onUpdate": "no action"
        }
      },
      "compositePrimaryKeys": {},
      "uniqueConstraints": {
        "clinic_staff_employee_id_unique": {
          "name": "clinic_staff_employee_id_unique",
          "nullsNotDistinct": false,
          "columns": [
            "employee_id"
          ]
        }
      },
      "policies": {},
      "checkConstraints": {},
      "isRLSEnabled": false
    },
    "public.task_attachments": {
      "name": "task_attachments",
      "schema": "",
      "columns": {
        "id": {
          "name": "id",
          "type": "serial",
          "primaryKey": true,
          "notNull": true
        },
        "task_id": {
          "name": "task_id",
          "type": "integer",
          "primaryKey": false,
          "notNull": true
        },
        "file_name": {
          "name": "file_name",
          "type": "text",
          "primaryKey": false,
          "notNull": true
        },
        "file_path": {
          "name": "file_path",
          "type": "text",
          "primaryKey": false,
          "notNull": true
        },
        "file_size": {
          "name": "file_size",
          "type": "integer",
          "primaryKey": false,
          "notNull": false
        },
        "mime_type": {
          "name": "mime_type",
          "type": "text",
          "primaryKey": false,
          "notNull": false
        },
        "uploaded_by": {
          "name": "uploaded_by",
          "type": "integer",
          "primaryKey": false,
          "notNull": true
        },
        "created_at": {
          "name": "created_at",
          "type": "timestamp",
          "primaryKey": false,
          "notNull": true,
          "default": "now()"
        }
      },
      "indexes": {},
      "foreignKeys": {
        "task_attachments_task_id_tasks_id_fk": {
          "name": "task_attachments_task_id_tasks_id_fk",
          "tableFrom": "task_attachments",
          "tableTo": "tasks",
          "columnsFrom": [
            "task_id"
          ],
          "columnsTo": [
            "id"
          ],
          "onDelete": "cascade",
          "onUpdate": "no action"
        },
        "task_attachments_uploaded_by_users_id_fk": {
          "name": "task_attachments_uploaded_by_users_id_fk",
          "tableFrom": "task_attachments",
          "tableTo": "users",
          "columnsFrom": [
            "uploaded_by"
          ],
          "columnsTo": [
            "id"
          ],
          "onDelete": "cascade",
          "onUpdate": "no action"
        }
      },
      "compositePrimaryKeys": {},
      "uniqueConstraints": {},
      "policies": {},
      "checkConstraints": {},
      "isRLSEnabled": false
    },
    "public.task_comments": {
      "name": "task_comments",
      "schema": "",
      "columns": {
        "id": {
          "name": "id",
          "type": "serial",
          "primaryKey": true,
          "notNull": true
        },
        "task_id": {
          "name": "task_id",
          "type": "integer",
          "primaryKey": false,
          "notNull": true
        },
        "commented_by": {
          "name": "commented_by",
          "type": "integer",
          "primaryKey": false,
          "notNull": true
        },
        "comment_text": {
          "name": "comment_text",
          "type": "text",
          "primaryKey": false,
          "notNull": true
        },
        "created_at": {
          "name": "created_at",
          "type": "timestamp",
          "primaryKey": false,
          "notNull": true,
          "default": "now()"
        }
      },
      "indexes": {},
      "foreignKeys": {
        "task_comments_task_id_tasks_id_fk": {
          "name": "task_comments_task_id_tasks_id_fk",
          "tableFrom": "task_comments",
          "tableTo": "tasks",
          "columnsFrom": [
            "task_id"
          ],
          "columnsTo": [
            "id"
          ],
          "onDelete": "cascade",
          "onUpdate": "no action"
        },
        "task_comments_commented_by_users_id_fk": {
          "name": "task_comments_commented_by_users_id_fk",
          "tableFrom": "task_comments",
          "tableTo": "users",
          "columnsFrom": [
            "commented_by"
          ],
          "columnsTo": [
            "id"
          ],
          "onDelete": "cascade",
          "onUpdate": "no action"
        }
      },
      "compositePrimaryKeys": {},
      "uniqueConstraints": {},
      "policies": {},
      "checkConstraints": {},
      "isRLSEnabled": false
    },
    "public.tasks": {
      "name": "tasks",
      "schema": "",
      "columns": {
        "id": {
          "name": "id",
          "type": "serial",
          "primaryKey": true,
          "notNull": true
        },
        "title": {
          "name": "title",
          "type": "text",
          "primaryKey": false,
          "notNull": true
        },
        "description": {
          "name": "description",
          "type": "text",
          "primaryKey": false,
          "notNull": false
        },
        "status": {
          "name": "status",
          "type": "text",
          "primaryKey": false,
          "notNull": true,
          "default": "'open'"
        },
        "priority": {
          "name": "priority",
          "type": "text",
          "primaryKey": false,
          "notNull": true,
          "default": "'medium'"
        },
        "created_by": {
          "name": "created_by",
          "type": "integer",
          "primaryKey": false,
          "notNull": true
        },
        "assigned_to": {
          "name": "assigned_to",
          "type": "integer",
          "primaryKey": false,
          "notNull": false
        },
        "clinic_id": {
          "name": "clinic_id",
          "type": "integer",
          "primaryKey": false,
          "notNull": true
        },
        "start_date": {
          "name": "start_date",
          "type": "timestamp",
          "primaryKey": false,
          "notNull": false
        },
        "due_date": {
          "name": "due_date",
          "type": "timestamp",
          "primaryKey": false,
          "notNull": false
        },
        "created_at": {
          "name": "created_at",
          "type": "timestamp",
          "primaryKey": false,
          "notNull": true,
          "default": "now()"
        },
        "updated_at": {
          "name": "updated_at",
          "type": "timestamp",
          "primaryKey": false,
          "notNull": true,
          "default": "now()"
        }
      },
      "indexes": {},
      "foreignKeys": {
        "tasks_created_by_users_id_fk": {
          "name": "tasks_created_by_users_id_fk",
          "tableFrom": "tasks",
          "tableTo": "users",
          "columnsFrom": [
            "created_by"
          ],
          "columnsTo": [
            "id"
          ],
          "onDelete": "cascade",
          "onUpdate": "no action"
        },
        "tasks_assigned_to_users_id_fk": {
          "name": "tasks_assigned_to_users_id_fk",
          "tableFrom": "tasks",
          "tableTo": "users",
          "columnsFrom": [
            "assigned_to"
          ],
          "columnsTo": [
            "id"
          ],
          "onDelete": "set null",
          "onUpdate": "no action"
        },
        "tasks_clinic_id_clinics_id_fk": {
          "name": "tasks_clinic_id_clinics_id_fk",
          "tableFrom": "tasks",
          "tableTo": "clinics",
          "columnsFrom": [
            "clinic_id"
          ],
          "columnsTo": [
            "id"
          ],
          "onDelete": "cascade",
          "onUpdate": "no action"
        }
      },
      "compositePrimaryKeys": {},
      "uniqueConstraints": {},
      "policies": {},
      "checkConstraints": {},
      "isRLSEnabled": false
    },
    "public.clinic_services": {
      "name": "clinic_services",
      "schema": "",
      "columns": {
        "id": {
          "name": "id",
          "type": "uuid",
          "primaryKey": true,
          "notNull": true,
          "default": "gen_random_uuid()"
        },
        "clinic_id": {
          "name": "clinic_id",
          "type": "integer",
          "primaryKey": false,
          "notNull": true
        },
        "service_name": {
          "name": "service_name",
          "type": "text",
          "primaryKey": false,
          "notNull": true
        },
        "service_category": {
          "name": "service_category",
          "type": "text",
          "primaryKey": false,
          "notNull": true
        },
        "is_active": {
          "name": "is_active",
          "type": "text",
          "primaryKey": false,
          "notNull": true,
          "default": "'active'"
        },
        "created_at": {
          "name": "created_at",
          "type": "timestamp",
          "primaryKey": false,
          "notNull": true,
          "default": "now()"
        },
        "updated_at": {
          "name": "updated_at",
          "type": "timestamp",
          "primaryKey": false,
          "notNull": true,
          "default": "now()"
        }
      },
      "indexes": {},
      "foreignKeys": {},
      "compositePrimaryKeys": {},
      "uniqueConstraints": {},
      "policies": {},
      "checkConstraints": {},
      "isRLSEnabled": false
    },
    "public.clinic_faxes": {
      "name": "clinic_faxes",
      "schema": "",
      "columns": {
        "id": {
          "name": "id",
          "type": "uuid",
          "primaryKey": true,
          "notNull": true,
          "default": "gen_random_uuid()"
        },
        "clinic_id": {
          "name": "clinic_id",
          "type": "integer",
          "primaryKey": false,
          "notNull": true
        },
        "recipient": {
          "name": "recipient",
          "type": "text",
          "primaryKey": false,
          "notNull": true
        },
        "fax_number": {
          "name": "fax_number",
          "type": "text",
          "primaryKey": false,
          "notNull": true
        },
        "subject": {
          "name": "subject",
          "type": "text",
          "primaryKey": false,
          "notNull": true
        },
        "message": {
          "name": "message",
          "type": "text",
          "primaryKey": false,
          "notNull": true
        },
        "filepath": {
          "name": "filepath",
          "type": "text",
          "primaryKey": false,
          "notNull": true
        },
        "status": {
          "name": "status",
          "type": "text",
          "primaryKey": false,
          "notNull": true,
          "default": "'pending'"
        },
        "sent_by": {
          "name": "sent_by",
          "type": "integer",
          "primaryKey": false,
          "notNull": true
        },
        "sent_at": {
          "name": "sent_at",
          "type": "timestamp",
          "primaryKey": false,
          "notNull": false
        },
        "delivered_at": {
          "name": "delivered_at",
          "type": "timestamp",
          "primaryKey": false,
          "notNull": false
        },
        "created_at": {
          "name": "created_at",
          "type": "timestamp",
          "primaryKey": false,
          "notNull": true,
          "default": "now()"
        },
        "updated_at": {
          "name": "updated_at",
          "type": "timestamp",
          "primaryKey": false,
          "notNull": true,
          "default": "now()"
        }
      },
      "indexes": {},
      "foreignKeys": {
        "clinic_faxes_clinic_id_clinics_id_fk": {
          "name": "clinic_faxes_clinic_id_clinics_id_fk",
          "tableFrom": "clinic_faxes",
          "tableTo": "clinics",
          "columnsFrom": [
            "clinic_id"
          ],
          "columnsTo": [
            "id"
          ],
          "onDelete": "cascade",
          "onUpdate": "no action"
        },
        "clinic_faxes_sent_by_users_id_fk": {
          "name": "clinic_faxes_sent_by_users_id_fk",
          "tableFrom": "clinic_faxes",
          "tableTo": "users",
          "columnsFrom": [
            "sent_by"
          ],
          "columnsTo": [
            "id"
          ],
          "onDelete": "no action",
          "onUpdate": "no action"
        }
      },
      "compositePrimaryKeys": {},
      "uniqueConstraints": {},
      "policies": {},
      "checkConstraints": {},
      "isRLSEnabled": false
    }
  },
  "enums": {},
  "schemas": {},
  "sequences": {},
  "roles": {},
  "policies": {},
  "views": {},
  "_meta": {
    "columns": {},
    "schemas": {},
    "tables": {}
  }
}